,date,season,year,month,holiday,weekday,workingday,weather,temp,hum,windspeed,casual,registered
0,2018-01-01,winter,0,1,holiday,Monday,weekend or holiday,cloudy,14.110847,80.5833,10.749882,331,654
1,2018-01-02,winter,0,1,not holiday,Tuesday,workingday,cloudy,14.902598,69.6087,16.652113,131,670
2,2018-01-03,winter,0,1,not holiday,Wednesday,workingday,clear,8.050924,43.7273,16.636703,120,1229
3,2018-01-04,winter,0,1,not holiday,Thursday,workingday,clear,8.2,59.0435,10.739832,108,1454
4,2018-01-05,winter,0,1,not holiday,Friday,workingday,clear,9.305237,43.6957,12.5223,82,1518
5,2018-01-06,winter,0,1,not holiday,Saturday,weekend or holiday,clear,8.378268,51.8261,6.0008684,88,1518
6,2018-01-07,winter,0,1,not holiday,Sunday,weekend or holiday,cloudy,8.057402,49.8696,11.304642,148,1362
7,2018-01-08,winter,0,1,not holiday,Monday,workingday,cloudy,6.765,53.5833,17.875868,68,891
8,2018-01-09,winter,0,1,not holiday,Tuesday,workingday,clear,5.671653,43.4167,24.25065,54,768
9,2018-01-10,winter,0,1,not holiday,Wednesday,workingday,clear,6.184153,48.2917,14.958889,41,1280
10,2018-01-11,winter,0,1,not holiday,Thursday,workingday,cloudy,6.932731,68.6364,8.182844,43,1220
11,2018-01-12,winter,0,1,not holiday,Friday,workingday,clear,7.081807,59.9545,20.410009,25,1137
12,2018-01-13,winter,0,1,not holiday,Saturday,weekend or holiday,clear,6.765,47.0417,20.167,38,1368
13,2018-01-14,winter,0,1,not holiday,Sunday,weekend or holiday,clear,6.59567,53.7826,8.478716,54,1367
14,2018-01-15,winter,0,1,holiday,Monday,weekend or holiday,cloudy,9.566653,49.875,10.583521,222,1026
15,2018-01-16,winter,0,1,not holiday,Tuesday,workingday,clear,9.498347,48.375,12.625011,251,953
16,2018-01-17,winter,0,1,not holiday,Wednesday,workingday,cloudy,7.209153,53.75,12.999139,117,883
17,2018-01-18,winter,0,1,not holiday,Thursday,workingday,cloudy,8.883347,86.1667,9.833925,9,674
18,2018-01-19,winter,0,1,not holiday,Friday,workingday,cloudy,11.979134,74.1739,13.957239,78,1572
19,2018-01-20,winter,0,1,not holiday,Saturday,weekend or holiday,cloudy,10.728347,53.8333,13.125568,83,1844
20,2018-01-21,winter,0,1,not holiday,Sunday,weekend or holiday,clear,7.2775,45.7083,23.667214,75,1468
21,2018-01-22,winter,0,1,not holiday,Monday,workingday,clear,2.4243464,40.0,11.52199,93,888
22,2018-01-23,winter,0,1,not holiday,Tuesday,workingday,clear,3.9573897,43.6522,16.5222,150,836
23,2018-01-24,winter,0,1,not holiday,Wednesday,workingday,clear,3.9930433,49.1739,10.60811,86,1330
24,2018-01-25,winter,0,1,not holiday,Thursday,workingday,cloudy,9.162598,61.6957,8.696332,186,1799
25,2018-01-26,winter,0,1,not holiday,Friday,workingday,stormy,8.9175,86.25,19.68795,34,472
26,2018-01-27,winter,0,1,not holiday,Saturday,weekend or holiday,clear,7.995,68.75,7.627079,15,416
27,2018-01-28,winter,0,1,not holiday,Sunday,weekend or holiday,cloudy,8.342598,79.3043,8.2611,38,1129
28,2018-01-29,winter,0,1,not holiday,Monday,workingday,clear,8.057402,65.1739,9.739455,123,975
29,2018-01-30,winter,0,1,not holiday,Tuesday,workingday,clear,8.877402,72.2174,4.9568342,140,956
30,2018-01-31,winter,0,1,not holiday,Wednesday,workingday,cloudy,7.414153,60.375,12.541864,42,1459
31,2018-02-01,winter,0,2,not holiday,Thursday,workingday,cloudy,7.879134,82.9565,3.565271,47,1313
32,2018-02-02,winter,0,2,not holiday,Friday,workingday,cloudy,10.66,77.5417,17.708636,72,1454
33,2018-02-03,winter,0,2,not holiday,Saturday,weekend or holiday,clear,7.665237,43.7826,18.609384,61,1489
34,2018-02-04,winter,0,2,not holiday,Sunday,weekend or holiday,cloudy,8.663464,58.5217,8.565213,88,1620
35,2018-02-05,winter,0,2,not holiday,Monday,workingday,cloudy,9.566653,92.9167,10.792293,100,905
36,2018-02-06,winter,0,2,not holiday,Tuesday,workingday,clear,11.719153,56.8333,9.5006,354,1269
37,2018-02-07,winter,0,2,not holiday,Wednesday,workingday,clear,11.138347,73.8333,3.0423561,120,1592
38,2018-02-08,winter,0,2,not holiday,Thursday,workingday,clear,9.054153,53.7917,24.25065,64,1466
39,2018-02-09,winter,0,2,not holiday,Friday,workingday,cloudy,5.526103,49.4783,12.652213,53,1552
40,2018-02-10,winter,0,2,not holiday,Saturday,weekend or holiday,clear,5.918268,43.7391,14.869645,47,1491
41,2018-02-11,winter,0,2,not holiday,Sunday,weekend or holiday,clear,7.752731,50.6364,7.27285,149,1597
42,2018-02-12,winter,0,2,not holiday,Monday,workingday,clear,9.1225,54.4167,13.625589,288,1184
43,2018-02-13,winter,0,2,not holiday,Tuesday,workingday,clear,12.977402,45.7391,17.479161,397,1192
44,2018-02-14,winter,0,2,not holiday,Wednesday,workingday,clear,17.015,37.5833,27.999836,208,1705
45,2018-02-15,winter,0,2,not holiday,Thursday,workingday,clear,10.909567,31.4348,19.522058,140,1675
46,2018-02-16,winter,0,2,not holiday,Friday,workingday,clear,13.048701,42.3478,16.869997,218,1897
47,2018-02-17,winter,0,2,not holiday,Saturday,weekend or holiday,clear,17.869153,50.5,15.416968,259,2216
48,2018-02-18,winter,0,2,not holiday,Sunday,weekend or holiday,clear,21.388347,51.6667,17.749975,579,2348
49,2018-02-19,winter,0,2,holiday,Monday,weekend or holiday,clear,16.365847,18.7917,34.000021,532,1103
50,2018-02-20,winter,0,2,not holiday,Tuesday,workingday,clear,11.693897,40.7826,14.956745,639,1173
51,2018-02-21,winter,0,2,not holiday,Wednesday,workingday,cloudy,12.436653,60.5,20.625682,195,912
52,2018-02-22,winter,0,2,not holiday,Thursday,workingday,clear,7.471102,57.7778,13.110761,74,1376
53,2018-02-23,winter,0,2,not holiday,Friday,workingday,clear,9.091299,42.3043,6.305571,139,1778
54,2018-02-24,winter,0,2,not holiday,Saturday,weekend or holiday,cloudy,12.121732,69.7391,16.783232,100,1707
55,2018-02-25,winter,0,2,not holiday,Sunday,weekend or holiday,cloudy,14.938268,71.2174,23.218113,120,1341
56,2018-02-26,winter,0,2,not holiday,Monday,workingday,clear,11.5825,53.7917,12.500257,424,1545
57,2018-02-27,winter,0,2,not holiday,Tuesday,workingday,clear,14.082598,68.0,8.391616,694,1708
58,2018-02-28,winter,0,2,not holiday,Wednesday,workingday,cloudy,16.698193,87.6364,19.408962,81,1365
59,2018-03-01,winter,0,3,not holiday,Thursday,workingday,clear,10.933347,53.5,14.500475,137,1714
60,2018-03-02,winter,0,3,not holiday,Friday,workingday,clear,13.735,44.9583,20.624811,231,1903
61,2018-03-03,winter,0,3,not holiday,Saturday,weekend or holiday,clear,8.131653,31.8333,15.125518,123,1562
62,2018-03-04,winter,0,3,not holiday,Sunday,weekend or holiday,cloudy,10.728347,61.0417,13.624182,214,1730
63,2018-03-05,winter,0,3,not holiday,Monday,workingday,cloudy,15.750847,78.9167,16.875357,640,1437
64,2018-03-06,winter,0,3,not holiday,Tuesday,workingday,cloudy,15.437402,94.8261,23.000229,114,491
65,2018-03-07,winter,0,3,not holiday,Wednesday,workingday,clear,10.731299,55.1304,22.870584,244,1628
66,2018-03-08,winter,0,3,not holiday,Thursday,workingday,clear,11.9925,42.0833,8.08355,316,1817
67,2018-03-09,winter,0,3,not holiday,Friday,workingday,cloudy,12.129153,77.5417,14.75005,191,1700
68,2018-03-10,winter,0,3,not holiday,Saturday,weekend or holiday,stormy,15.952731,0.0,17.545759,46,577
69,2018-03-11,winter,0,3,not holiday,Sunday,weekend or holiday,cloudy,12.977402,64.9565,15.60899,247,1730
70,2018-03-12,winter,0,3,not holiday,Monday,workingday,clear,13.495847,59.4583,14.791925,724,1408
71,2018-03-13,winter,0,3,not holiday,Tuesday,workingday,clear,15.758268,52.7391,18.130468,982,1435
72,2018-03-14,winter,0,3,not holiday,Wednesday,workingday,clear,13.333897,49.6957,9.174042,359,1687
73,2018-03-15,winter,0,3,not holiday,Thursday,workingday,cloudy,13.013031,65.5652,12.348703,289,1767
74,2018-03-16,winter,0,3,not holiday,Friday,workingday,cloudy,14.973897,77.6522,13.608839,321,1871
75,2018-03-17,winter,0,3,not holiday,Saturday,weekend or holiday,clear,17.015,60.2917,14.041793,424,2320
76,2018-03-18,winter,0,3,not holiday,Sunday,weekend or holiday,clear,22.14,52.5217,15.478139,884,2355
77,2018-03-19,winter,0,3,not holiday,Monday,workingday,clear,19.3725,37.9167,24.667189,1424,1693
78,2018-03-20,winter,0,3,not holiday,Tuesday,workingday,clear,13.6325,47.375,13.917307,1047,1424
79,2018-03-21,spring,0,3,not holiday,Wednesday,workingday,cloudy,17.647835,73.7391,19.348461,401,1676
80,2018-03-22,spring,0,3,not holiday,Thursday,workingday,clear,18.108347,62.4583,15.12525,460,2243
81,2018-03-23,spring,0,3,not holiday,Friday,workingday,cloudy,14.225237,83.9565,15.695487,203,1918
82,2018-03-24,spring,0,3,not holiday,Saturday,weekend or holiday,cloudy,11.685,80.5833,16.333729,166,1699
83,2018-03-25,spring,0,3,not holiday,Sunday,weekend or holiday,clear,10.830847,49.5,15.458575,300,1910
84,2018-03-26,spring,0,3,not holiday,Monday,workingday,clear,10.899153,39.4167,14.041257,981,1515
85,2018-03-27,spring,0,3,not holiday,Tuesday,workingday,cloudy,10.374763,49.3913,12.3481,472,1221
86,2018-03-28,spring,0,3,not holiday,Wednesday,workingday,clear,10.838268,30.2174,14.217668,222,1806
87,2018-03-29,spring,0,3,not holiday,Thursday,workingday,clear,12.4025,31.4167,15.208732,317,2108
88,2018-03-30,spring,0,3,not holiday,Friday,workingday,cloudy,12.3,64.6667,11.583496,168,1368
89,2018-03-31,spring,0,3,not holiday,Saturday,weekend or holiday,stormy,11.001653,91.8333,14.582282,179,1506
90,2018-04-01,spring,0,4,not holiday,Sunday,weekend or holiday,cloudy,12.3,68.625,17.333436,307,1920
91,2018-04-02,spring,0,4,not holiday,Monday,workingday,cloudy,12.915,65.375,13.208782,898,1354
92,2018-04-03,spring,0,4,not holiday,Tuesday,workingday,clear,15.511653,48.0,12.208271,1651,1598
93,2018-04-04,spring,0,4,not holiday,Wednesday,workingday,clear,23.506653,42.625,25.833257,734,2381
94,2018-04-05,spring,0,4,not holiday,Thursday,workingday,cloudy,16.980847,64.2083,26.000489,167,1628
95,2018-04-06,spring,0,4,not holiday,Friday,workingday,clear,16.024153,47.0833,17.625221,413,2395
96,2018-04-07,spring,0,4,not holiday,Saturday,weekend or holiday,clear,17.9375,60.2917,10.874904,571,2570
97,2018-04-08,spring,0,4,not holiday,Sunday,weekend or holiday,cloudy,13.769153,83.625,15.208464,172,1299
98,2018-04-09,spring,0,4,not holiday,Monday,workingday,cloudy,14.0425,87.75,8.916561,879,1576
99,2018-04-10,spring,0,4,not holiday,Tuesday,workingday,cloudy,17.493347,85.75,9.833389,1188,1707
100,2018-04-11,spring,0,4,not holiday,Wednesday,workingday,cloudy,24.421732,71.6956,21.739758,855,2493
101,2018-04-12,spring,0,4,not holiday,Thursday,workingday,cloudy,20.6025,73.9167,18.416893,257,1777
102,2018-04-13,spring,0,4,not holiday,Friday,workingday,cloudy,16.9125,81.9167,16.791339,209,1953
103,2018-04-14,spring,0,4,not holiday,Saturday,weekend or holiday,clear,19.1675,54.0417,7.4169,529,2738
104,2018-04-15,spring,0,4,not holiday,Sunday,weekend or holiday,clear,18.313347,67.125,15.167125,642,2484
105,2018-04-16,spring,0,4,holiday,Monday,weekend or holiday,stormy,17.664153,88.8333,22.834136,121,674
106,2018-04-17,spring,0,4,not holiday,Tuesday,workingday,clear,18.723347,47.9583,20.334232,1558,2186
107,2018-04-18,spring,0,4,not holiday,Wednesday,workingday,clear,21.0125,54.25,10.958989,669,2760
108,2018-04-19,spring,0,4,not holiday,Thursday,workingday,cloudy,20.739153,66.5833,10.584057,409,2795
109,2018-04-20,spring,0,4,not holiday,Friday,workingday,clear,24.395,61.4167,16.208975,613,3331
110,2018-04-21,spring,0,4,not holiday,Saturday,weekend or holiday,clear,18.825847,40.7083,21.792286,745,3444
111,2018-04-22,spring,0,4,not holiday,Sunday,weekend or holiday,cloudy,13.803347,72.9583,14.707907,177,1506
112,2018-04-23,spring,0,4,not holiday,Monday,workingday,cloudy,18.86,88.7917,15.458575,1462,2574
113,2018-04-24,spring,0,4,not holiday,Tuesday,workingday,cloudy,23.848347,81.0833,12.875725,1710,2481
114,2018-04-25,spring,0,4,not holiday,Wednesday,workingday,clear,24.873347,77.6667,12.417311,773,3300
115,2018-04-26,spring,0,4,not holiday,Thursday,workingday,clear,25.898347,72.9167,21.8755,678,3722
116,2018-04-27,spring,0,4,not holiday,Friday,workingday,cloudy,25.42,83.5417,20.9174,547,3325
117,2018-04-28,spring,0,4,not holiday,Saturday,weekend or holiday,cloudy,25.3175,70.0833,21.500836,569,3489
118,2018-04-29,spring,0,4,not holiday,Sunday,weekend or holiday,clear,20.91,45.7083,16.084221,878,3717
119,2018-04-30,spring,0,4,not holiday,Monday,workingday,clear,19.3725,50.3333,15.750025,1965,3347
120,2018-05-01,spring,0,5,not holiday,Tuesday,workingday,cloudy,18.518347,76.2083,7.125718,1138,2213
121,2018-05-02,spring,0,5,not holiday,Wednesday,workingday,cloudy,22.515847,73.0,12.291418,847,3554
122,2018-05-03,spring,0,5,not holiday,Thursday,workingday,cloudy,25.283347,69.7083,22.958689,603,3848
123,2018-05-04,spring,0,5,not holiday,Friday,workingday,cloudy,16.980847,73.7083,22.042732,255,2378
124,2018-05-05,spring,0,5,not holiday,Saturday,weekend or holiday,clear,18.825847,44.4167,19.791264,614,3819
125,2018-05-06,spring,0,5,not holiday,Sunday,weekend or holiday,clear,19.645847,59.0,15.292482,894,3714
126,2018-05-07,spring,0,5,not holiday,Monday,workingday,clear,21.32,54.125,10.75015,1612,3102
127,2018-05-08,spring,0,5,not holiday,Tuesday,workingday,clear,21.661653,63.1667,5.0007125,1401,2932
128,2018-05-09,spring,0,5,not holiday,Wednesday,workingday,clear,21.8325,58.875,11.792,664,3698
129,2018-05-10,spring,0,5,not holiday,Thursday,workingday,clear,21.8325,48.9167,7.749957,694,4109
130,2018-05-11,spring,0,5,not holiday,Friday,workingday,clear,22.2425,63.2917,8.083014,550,3632
131,2018-05-12,spring,0,5,not holiday,Saturday,weekend or holiday,clear,21.935,74.75,12.707689,695,4169
132,2018-05-13,spring,0,5,not holiday,Sunday,weekend or holiday,cloudy,21.0125,86.3333,12.041575,692,3413
133,2018-05-14,spring,0,5,not holiday,Monday,workingday,cloudy,21.354153,92.25,9.04165,902,2507
134,2018-05-15,spring,0,5,not holiday,Tuesday,workingday,cloudy,23.0625,86.7083,10.249593,1582,2971
135,2018-05-16,spring,0,5,not holiday,Wednesday,workingday,clear,23.6775,78.7917,8.500357,773,3185
136,2018-05-17,spring,0,5,not holiday,Thursday,workingday,cloudy,23.028347,83.7917,18.582718,678,3445
137,2018-05-18,spring,0,5,not holiday,Friday,workingday,cloudy,22.55,87.0,13.499964,536,3319
138,2018-05-19,spring,0,5,not holiday,Saturday,weekend or holiday,cloudy,21.764153,82.9583,7.250271,735,3840
139,2018-05-20,spring,0,5,not holiday,Sunday,weekend or holiday,clear,22.003347,71.9583,8.375871,909,4008
140,2018-05-21,spring,0,5,not holiday,Monday,workingday,clear,24.7025,62.6667,8.08355,2258,3547
141,2018-05-22,spring,0,5,not holiday,Tuesday,workingday,clear,24.770847,74.9583,9.916536,1576,3084
142,2018-05-23,spring,0,5,not holiday,Wednesday,workingday,cloudy,25.898347,81.0,15.667414,836,3438
143,2018-05-24,spring,0,5,not holiday,Thursday,workingday,cloudy,27.06,74.0833,13.875164,659,3833
144,2018-05-25,spring,0,5,not holiday,Friday,workingday,clear,27.094153,69.625,10.333611,740,4238
145,2018-05-26,spring,0,5,not holiday,Saturday,weekend or holiday,clear,29.041653,67.75,13.376014,758,3919
146,2018-05-27,spring,0,5,not holiday,Sunday,weekend or holiday,clear,27.948347,65.375,16.125493,871,3808
147,2018-05-28,spring,0,5,holiday,Monday,weekend or holiday,clear,26.889153,72.9583,15.416164,2001,2757
148,2018-05-29,spring,0,5,not holiday,Tuesday,workingday,clear,27.3675,81.875,14.333846,2355,2433
149,2018-05-30,spring,0,5,not holiday,Wednesday,workingday,clear,30.066653,68.5,8.792075,1549,2549
150,2018-05-31,spring,0,5,not holiday,Thursday,workingday,clear,31.775,63.6667,7.459043,673,3309
151,2018-06-01,spring,0,6,not holiday,Friday,workingday,cloudy,31.330847,67.7083,13.875164,513,3461
152,2018-06-02,spring,0,6,not holiday,Saturday,weekend or holiday,clear,29.315,30.5,19.583229,736,4232
153,2018-06-03,spring,0,6,not holiday,Sunday,weekend or holiday,clear,25.42,35.4167,16.959107,898,4414
154,2018-06-04,spring,0,6,not holiday,Monday,workingday,clear,26.035,45.625,8.250514,1869,3473
155,2018-06-05,spring,0,6,not holiday,Tuesday,workingday,cloudy,26.581653,65.25,9.292364,1685,3221
156,2018-06-06,spring,0,6,not holiday,Wednesday,workingday,clear,27.811653,60.0,8.167032,673,3875
157,2018-06-07,spring,0,6,not holiday,Thursday,workingday,clear,29.0075,59.7917,12.583136,763,4070
158,2018-06-08,spring,0,6,not holiday,Friday,workingday,clear,31.809153,62.2083,9.166739,676,3725
159,2018-06-09,spring,0,6,not holiday,Saturday,weekend or holiday,cloudy,33.141653,56.8333,10.042161,563,3352
160,2018-06-10,spring,0,6,not holiday,Sunday,weekend or holiday,clear,30.955,60.5,9.417118,815,3771
161,2018-06-11,spring,0,6,not holiday,Monday,workingday,clear,29.725,65.4583,10.37495,1729,3237
162,2018-06-12,spring,0,6,not holiday,Tuesday,workingday,clear,28.3925,74.7917,10.958989,1467,2993
163,2018-06-13,spring,0,6,not holiday,Wednesday,workingday,clear,26.035,49.4583,20.45845,863,4157
164,2018-06-14,spring,0,6,not holiday,Thursday,workingday,clear,24.770847,50.7083,18.041961,727,4164
165,2018-06-15,spring,0,6,not holiday,Friday,workingday,clear,25.693347,47.1667,11.250104,769,4411
166,2018-06-16,spring,0,6,not holiday,Saturday,weekend or holiday,cloudy,25.761653,68.8333,13.833557,545,3222
167,2018-06-17,spring,0,6,not holiday,Sunday,weekend or holiday,clear,26.615847,73.5833,9.582943,863,3981
168,2018-06-18,spring,0,6,not holiday,Monday,workingday,clear,28.563347,67.0417,8.000336,1807,3312
169,2018-06-19,spring,0,6,not holiday,Tuesday,workingday,cloudy,28.665847,66.6667,6.834,1639,3105
170,2018-06-20,spring,0,6,not holiday,Wednesday,workingday,cloudy,26.035,74.625,10.416825,699,3311
171,2018-06-21,spring,0,6,not holiday,Thursday,workingday,cloudy,27.914153,77.0417,11.458675,774,4061
172,2018-06-22,summer,0,6,not holiday,Friday,workingday,clear,30.066653,70.75,11.541554,661,3846
173,2018-06-23,summer,0,6,not holiday,Saturday,weekend or holiday,cloudy,29.861653,70.3333,15.999868,746,4044
174,2018-06-24,summer,0,6,not holiday,Sunday,weekend or holiday,clear,29.690847,57.3333,14.875675,969,4022
175,2018-06-25,summer,0,6,not holiday,Monday,workingday,clear,28.495,48.3333,14.041257,1782,3420
176,2018-06-26,summer,0,6,not holiday,Tuesday,workingday,clear,27.88,51.3333,6.3337311,1920,3385
177,2018-06-27,summer,0,6,not holiday,Wednesday,workingday,cloudy,27.9825,65.8333,7.208396,854,3854
178,2018-06-28,summer,0,6,not holiday,Thursday,workingday,clear,30.510847,63.4167,9.666961,732,3916
179,2018-06-29,summer,0,6,not holiday,Friday,workingday,clear,29.861653,49.7917,17.542007,848,4377
180,2018-06-30,summer,0,6,not holiday,Saturday,weekend or holiday,clear,28.563347,43.4167,12.415904,1027,4488
181,2018-07-01,summer,0,7,not holiday,Sunday,weekend or holiday,clear,29.6225,39.625,6.874736,1246,4116
182,2018-07-02,summer,0,7,not holiday,Monday,workingday,clear,30.271653,44.4583,7.709154,2204,2915
183,2018-07-03,summer,0,7,not holiday,Tuesday,workingday,cloudy,29.383347,68.25,15.333486,2282,2367
184,2018-07-04,summer,0,7,holiday,Wednesday,weekend or holiday,cloudy,29.793347,63.7917,5.4591064,3065,2978
185,2018-07-05,summer,0,7,not holiday,Thursday,workingday,clear,30.613347,59.0417,8.459286,1031,3634
186,2018-07-06,summer,0,7,not holiday,Friday,workingday,clear,29.52,74.3333,10.042161,784,3845
187,2018-07-07,summer,0,7,not holiday,Saturday,weekend or holiday,clear,30.75,65.125,10.6664,754,3838
188,2018-07-08,summer,0,7,not holiday,Sunday,weekend or holiday,cloudy,29.075847,75.7917,15.083643,692,3348
189,2018-07-09,summer,0,7,not holiday,Monday,workingday,clear,30.066653,60.9167,11.250104,1988,3348
190,2018-07-10,summer,0,7,not holiday,Tuesday,workingday,clear,30.6475,57.8333,12.292557,1743,3138
191,2018-07-11,summer,0,7,not holiday,Wednesday,workingday,clear,31.2625,63.5833,18.916579,723,3363
192,2018-07-12,summer,0,7,not holiday,Thursday,workingday,clear,32.560847,55.9167,13.417018,662,3596
193,2018-07-13,summer,0,7,not holiday,Friday,workingday,clear,30.613347,63.1667,9.790911,748,3594
194,2018-07-14,summer,0,7,not holiday,Saturday,weekend or holiday,clear,27.914153,47.625,16.124689,888,4196
195,2018-07-15,summer,0,7,not holiday,Sunday,weekend or holiday,clear,27.196653,59.125,12.249811,1318,4220
196,2018-07-16,summer,0,7,not holiday,Monday,workingday,clear,28.153347,58.5,13.958914,2418,3505
197,2018-07-17,summer,0,7,not holiday,Tuesday,workingday,clear,29.485847,60.4167,16.417211,2006,3296
198,2018-07-18,summer,0,7,not holiday,Wednesday,workingday,clear,30.613347,65.125,14.458868,841,3617
199,2018-07-19,summer,0,7,not holiday,Thursday,workingday,clear,31.843347,65.0417,8.7502,752,3789
200,2018-07-20,summer,0,7,not holiday,Friday,workingday,clear,31.501653,70.7083,7.625739,644,3688
201,2018-07-21,summer,0,7,not holiday,Saturday,weekend or holiday,cloudy,33.415,69.125,14.875407,632,3152
202,2018-07-22,summer,0,7,not holiday,Sunday,weekend or holiday,clear,34.781653,58.0417,8.9177,562,2825
203,2018-07-23,summer,0,7,not holiday,Monday,workingday,clear,34.815847,50.0,8.791807,987,2298
204,2018-07-24,summer,0,7,not holiday,Tuesday,workingday,clear,34.03,55.0833,11.334457,1050,2556
205,2018-07-25,summer,0,7,not holiday,Wednesday,workingday,clear,30.476653,75.7083,6.0841561,568,3272
206,2018-07-26,summer,0,7,not holiday,Thursday,workingday,clear,31.638347,54.0833,13.417286,750,3840
207,2018-07-27,summer,0,7,not holiday,Friday,workingday,clear,31.775,40.2917,12.292021,755,3901
208,2018-07-28,summer,0,7,not holiday,Saturday,weekend or holiday,clear,31.945847,58.3333,11.958093,606,3784
209,2018-07-29,summer,0,7,not holiday,Sunday,weekend or holiday,clear,34.371653,54.25,11.667246,670,3176
210,2018-07-30,summer,0,7,not holiday,Monday,workingday,clear,32.970847,46.5833,11.291979,1559,2916
211,2018-07-31,summer,0,7,not holiday,Tuesday,workingday,clear,33.039153,48.0833,11.042471,1524,2778
212,2018-08-01,summer,0,8,not holiday,Wednesday,workingday,clear,31.638347,55.0833,10.500039,729,3537
213,2018-08-02,summer,0,8,not holiday,Thursday,workingday,clear,32.116653,49.125,13.79195,801,4044
214,2018-08-03,summer,0,8,not holiday,Friday,workingday,cloudy,29.998347,65.75,9.084061,467,3107
215,2018-08-04,summer,0,8,not holiday,Saturday,weekend or holiday,cloudy,29.11,75.75,13.20905,799,3777
216,2018-08-05,summer,0,8,not holiday,Sunday,weekend or holiday,clear,29.144153,63.0833,12.374632,1023,3843
217,2018-08-06,summer,0,8,not holiday,Monday,workingday,cloudy,29.383347,75.5,15.29275,1521,2773
218,2018-08-07,summer,0,8,not holiday,Tuesday,workingday,clear,30.4425,75.2917,13.499629,1298,2487
219,2018-08-08,summer,0,8,not holiday,Wednesday,workingday,clear,31.365,59.2083,12.875725,846,3480
220,2018-08-09,summer,0,8,not holiday,Thursday,workingday,clear,31.775,57.0417,10.125107,907,3695
221,2018-08-10,summer,0,8,not holiday,Friday,workingday,clear,31.433347,42.4167,13.417286,884,3896
222,2018-08-11,summer,0,8,not holiday,Saturday,weekend or holiday,clear,29.4175,42.375,11.041332,812,3980
223,2018-08-12,summer,0,8,not holiday,Sunday,weekend or holiday,clear,29.041653,41.5,8.416607,1051,3854
224,2018-08-13,summer,0,8,not holiday,Monday,workingday,cloudy,28.119153,72.9583,14.167418,1504,2646
225,2018-08-14,summer,0,8,not holiday,Tuesday,workingday,cloudy,27.743347,81.75,14.916411,1338,2482
226,2018-08-15,summer,0,8,not holiday,Wednesday,workingday,clear,27.299153,71.2083,13.999918,775,3563
227,2018-08-16,summer,0,8,not holiday,Thursday,workingday,clear,28.734153,57.8333,15.834043,721,4004
228,2018-08-17,summer,0,8,not holiday,Friday,workingday,clear,29.656653,57.5417,9.625689,668,4026
229,2018-08-18,summer,0,8,not holiday,Saturday,weekend or holiday,clear,29.178347,65.4583,15.624936,639,3166
230,2018-08-19,summer,0,8,not holiday,Sunday,weekend or holiday,cloudy,28.085,72.2917,9.333636,797,3356
231,2018-08-20,summer,0,8,not holiday,Monday,workingday,clear,28.5975,67.4167,6.999289,1914,3277
232,2018-08-21,summer,0,8,not holiday,Tuesday,workingday,clear,29.144153,77.0,16.666518,1249,2624
233,2018-08-22,summer,0,8,not holiday,Wednesday,workingday,clear,28.358347,47.0,18.54225,833,3925
234,2018-08-23,summer,0,8,not holiday,Thursday,workingday,clear,26.274153,45.5417,9.833121,1281,4614
235,2018-08-24,summer,0,8,not holiday,Friday,workingday,clear,27.606653,60.5,16.958236,949,4181
236,2018-08-25,summer,0,8,not holiday,Saturday,weekend or holiday,cloudy,28.050847,77.1667,14.125811,435,3107
237,2018-08-26,summer,0,8,not holiday,Sunday,weekend or holiday,clear,28.7,76.125,5.6254875,768,3893
238,2018-08-27,summer,0,8,not holiday,Monday,workingday,cloudy,27.88,85.0,25.166339,226,889
239,2018-08-28,summer,0,8,not holiday,Tuesday,workingday,clear,28.989419,56.1765,20.412153,1415,2919
240,2018-08-29,summer,0,8,not holiday,Wednesday,workingday,clear,26.103347,55.4583,10.708275,729,3905
241,2018-08-30,summer,0,8,not holiday,Thursday,workingday,clear,26.205847,54.8333,8.375536,775,4429
242,2018-08-31,summer,0,8,not holiday,Friday,workingday,clear,26.923347,59.7917,5.5833311,688,4370
243,2018-09-01,summer,0,9,not holiday,Saturday,weekend or holiday,clear,26.855,63.9167,9.500332,783,4332
244,2018-09-02,summer,0,9,not holiday,Sunday,weekend or holiday,cloudy,26.376653,72.7083,9.375243,875,3852
245,2018-09-03,summer,0,9,holiday,Monday,weekend or holiday,clear,27.435847,71.6667,12.416775,1935,2549
246,2018-09-04,summer,0,9,not holiday,Tuesday,workingday,clear,29.075847,74.2083,13.833289,2521,2419
247,2018-09-05,summer,0,9,not holiday,Wednesday,workingday,cloudy,27.606653,79.0417,14.250632,1236,2115
248,2018-09-06,summer,0,9,not holiday,Thursday,workingday,stormy,22.14,88.6957,23.044181,204,2506
249,2018-09-07,summer,0,9,not holiday,Friday,workingday,stormy,24.565847,91.7083,6.5003936,118,1878
250,2018-09-08,summer,0,9,not holiday,Saturday,weekend or holiday,stormy,25.990433,93.9565,12.914116,153,1689
251,2018-09-09,summer,0,9,not holiday,Sunday,weekend or holiday,cloudy,26.65,89.7917,8.333393,417,3127
252,2018-09-10,summer,0,9,not holiday,Monday,workingday,clear,27.06,75.375,10.291736,1750,3595
253,2018-09-11,summer,0,9,not holiday,Tuesday,workingday,clear,26.786653,71.375,7.708618,1633,3413
254,2018-09-12,summer,0,9,not holiday,Wednesday,workingday,clear,26.418268,69.2174,5.957171,690,4023
255,2018-09-13,summer,0,9,not holiday,Thursday,workingday,clear,26.684153,71.25,9.500868,701,4062
256,2018-09-14,summer,0,9,not holiday,Friday,workingday,clear,27.606653,69.7083,11.2091,647,4138
257,2018-09-15,summer,0,9,not holiday,Saturday,weekend or holiday,cloudy,23.6775,70.9167,18.166782,428,3231
258,2018-09-16,summer,0,9,not holiday,Sunday,weekend or holiday,cloudy,19.235847,59.0417,11.000261,742,4018
259,2018-09-17,summer,0,9,not holiday,Monday,workingday,cloudy,20.158347,71.8333,12.708225,1434,3077
260,2018-09-18,summer,0,9,not holiday,Tuesday,workingday,clear,20.8075,69.5,11.958361,1353,2921
261,2018-09-19,summer,0,9,not holiday,Wednesday,workingday,cloudy,22.515847,69.0,10.166714,691,3848
262,2018-09-20,summer,0,9,not holiday,Thursday,workingday,cloudy,23.028347,88.125,9.041918,438,3203
263,2018-09-21,summer,0,9,not holiday,Friday,workingday,cloudy,24.395,90.0,6.4590814,539,3813
264,2018-09-22,summer,0,9,not holiday,Saturday,weekend or holiday,cloudy,25.761653,90.2083,8.584375,555,4240
265,2018-09-23,autumn,0,9,not holiday,Sunday,weekend or holiday,cloudy,24.975847,97.25,5.2505689,258,2137
266,2018-09-24,autumn,0,9,not holiday,Monday,workingday,cloudy,24.873347,86.25,5.2516811,1776,3647
267,2018-09-25,autumn,0,9,not holiday,Tuesday,workingday,cloudy,26.000847,84.5,3.3754064,1544,3466
268,2018-09-26,autumn,0,9,not holiday,Wednesday,workingday,cloudy,26.615847,84.8333,7.4169,684,3946
269,2018-09-27,autumn,0,9,not holiday,Thursday,workingday,cloudy,26.103347,88.5417,7.917457,477,3643
270,2018-09-28,autumn,0,9,not holiday,Friday,workingday,cloudy,26.035,84.875,9.958143,480,3427
271,2018-09-29,autumn,0,9,not holiday,Saturday,weekend or holiday,clear,25.283347,69.9167,11.583161,653,4186
272,2018-09-30,autumn,0,9,not holiday,Sunday,weekend or holiday,clear,23.130847,64.75,13.833825,830,4372
273,2018-10-01,autumn,0,10,not holiday,Monday,workingday,cloudy,16.81,75.375,19.583832,480,1949
274,2018-10-02,autumn,0,10,not holiday,Tuesday,workingday,cloudy,14.623347,79.1667,14.874871,616,2302
275,2018-10-03,autumn,0,10,not holiday,Wednesday,workingday,cloudy,15.750847,76.0833,5.5841686,330,3240
276,2018-10-04,autumn,0,10,not holiday,Thursday,workingday,clear,19.850847,71.0,13.792218,486,3970
277,2018-10-05,autumn,0,10,not holiday,Friday,workingday,clear,22.071653,64.7917,11.87575,559,4267
278,2018-10-06,autumn,0,10,not holiday,Saturday,weekend or holiday,clear,20.260847,62.0833,9.041918,639,4126
279,2018-10-07,autumn,0,10,not holiday,Sunday,weekend or holiday,clear,20.944153,68.4167,1.5002439,949,4036
280,2018-10-08,autumn,0,10,holiday,Monday,weekend or holiday,clear,21.388347,70.125,3.0420814,2235,3174
281,2018-10-09,autumn,0,10,not holiday,Tuesday,workingday,clear,22.174153,72.75,4.25115,2397,3114
282,2018-10-10,autumn,0,10,not holiday,Wednesday,workingday,clear,23.404153,73.375,2.8343814,1514,3603
283,2018-10-11,autumn,0,10,not holiday,Thursday,workingday,cloudy,23.233347,80.875,9.583814,667,3896
284,2018-10-12,autumn,0,10,not holiday,Friday,workingday,stormy,22.276653,90.625,16.62605,217,2199
285,2018-10-13,autumn,0,10,not holiday,Saturday,weekend or holiday,cloudy,24.155847,89.6667,9.499729,290,2623
286,2018-10-14,autumn,0,10,not holiday,Sunday,weekend or holiday,cloudy,22.584153,71.625,15.000161,529,3115
287,2018-10-15,autumn,0,10,not holiday,Monday,workingday,clear,20.773347,48.3333,17.291561,1899,3318
288,2018-10-16,autumn,0,10,not holiday,Tuesday,workingday,clear,20.978347,48.6667,18.875039,1748,3293
289,2018-10-17,autumn,0,10,not holiday,Wednesday,workingday,clear,21.900847,57.9583,11.750393,713,3857
290,2018-10-18,autumn,0,10,not holiday,Thursday,workingday,cloudy,21.8325,70.1667,7.375829,637,4111
291,2018-10-19,autumn,0,10,not holiday,Friday,workingday,stormy,22.211299,89.5217,16.303713,254,2170
292,2018-10-20,autumn,0,10,not holiday,Saturday,weekend or holiday,clear,19.509153,63.625,28.292425,471,3724
293,2018-10-21,autumn,0,10,not holiday,Sunday,weekend or holiday,clear,17.5275,57.4167,14.833532,676,3628
294,2018-10-22,autumn,0,10,not holiday,Monday,workingday,clear,17.3225,62.9167,6.2086689,1499,2809
295,2018-10-23,autumn,0,10,not holiday,Tuesday,workingday,clear,17.288347,74.125,6.6673375,1619,2762
296,2018-10-24,autumn,0,10,not holiday,Wednesday,workingday,clear,18.996653,77.2083,7.959064,699,3488
297,2018-10-25,autumn,0,10,not holiday,Thursday,workingday,clear,19.338347,62.2917,11.166086,695,3992
298,2018-10-26,autumn,0,10,not holiday,Friday,workingday,cloudy,19.850847,72.0417,9.959014,404,3490
299,2018-10-27,autumn,0,10,not holiday,Saturday,weekend or holiday,cloudy,19.27,81.2917,13.250121,240,2419
300,2018-10-28,autumn,0,10,not holiday,Sunday,weekend or holiday,cloudy,13.564153,58.5833,15.375093,456,3291
301,2018-10-29,autumn,0,10,not holiday,Monday,workingday,stormy,10.420847,88.25,23.541857,57,570
302,2018-10-30,autumn,0,10,not holiday,Tuesday,workingday,clear,13.085847,62.375,11.833339,885,2446
303,2018-10-31,autumn,0,10,not holiday,Wednesday,workingday,clear,13.94,70.3333,7.12545,362,3307
304,2018-11-01,autumn,0,11,not holiday,Thursday,workingday,clear,16.434153,68.375,9.083257,410,3658
305,2018-11-02,autumn,0,11,not holiday,Friday,workingday,clear,15.4775,71.875,5.5001439,370,3816
306,2018-11-03,autumn,0,11,not holiday,Saturday,weekend or holiday,clear,16.741653,70.2083,9.166739,318,3656
307,2018-11-04,autumn,0,11,not holiday,Sunday,weekend or holiday,cloudy,16.536653,62.25,18.209193,470,3576
308,2018-11-05,autumn,0,11,not holiday,Monday,workingday,clear,13.393347,51.9167,12.667154,1156,2770
309,2018-11-06,autumn,0,11,not holiday,Tuesday,workingday,clear,14.281653,73.4583,6.1676314,952,2697
310,2018-11-07,autumn,0,11,not holiday,Wednesday,workingday,clear,16.195,75.875,3.834075,373,3662
311,2018-11-08,autumn,0,11,not holiday,Thursday,workingday,clear,16.741653,72.1667,4.6255125,376,3829
312,2018-11-09,autumn,0,11,not holiday,Friday,workingday,clear,16.4,75.8333,4.1671186,305,3804
313,2018-11-10,autumn,0,11,not holiday,Saturday,weekend or holiday,cloudy,15.58,81.3333,12.667489,190,2743
314,2018-11-11,autumn,0,11,not holiday,Sunday,weekend or holiday,clear,13.290847,44.625,21.083225,440,2928
315,2018-11-12,autumn,0,11,holiday,Monday,weekend or holiday,clear,14.623347,55.2917,14.208154,1275,2792
316,2018-11-13,autumn,0,11,not holiday,Tuesday,workingday,clear,18.074153,45.8333,18.875307,1004,2713
317,2018-11-14,autumn,0,11,not holiday,Wednesday,workingday,clear,21.73,58.7083,20.541932,595,3891
318,2018-11-15,autumn,0,11,not holiday,Thursday,workingday,cloudy,21.73,68.875,13.375411,449,3746
319,2018-11-16,autumn,0,11,not holiday,Friday,workingday,stormy,18.723347,93.0,9.167543,145,1672
320,2018-11-17,autumn,0,11,not holiday,Saturday,weekend or holiday,cloudy,14.008347,57.5833,20.459254,139,2914
321,2018-11-18,autumn,0,11,not holiday,Sunday,weekend or holiday,clear,11.240847,41.0,11.291711,245,3147
322,2018-11-19,autumn,0,11,not holiday,Monday,workingday,clear,13.495847,50.2083,15.041232,943,2720
323,2018-11-20,autumn,0,11,not holiday,Tuesday,workingday,cloudy,18.996653,68.4583,12.45865,787,2733
324,2018-11-21,autumn,0,11,not holiday,Wednesday,workingday,stormy,18.3475,91.0,9.249618,220,2545
325,2018-11-22,autumn,0,11,holiday,Thursday,weekend or holiday,stormy,17.083347,96.25,7.959064,69,1538
326,2018-11-23,autumn,0,11,not holiday,Friday,workingday,cloudy,18.074153,75.7917,22.500275,112,2454
327,2018-11-24,autumn,0,11,not holiday,Saturday,weekend or holiday,clear,15.306653,54.9167,11.209368,560,935
328,2018-11-25,autumn,0,11,not holiday,Sunday,weekend or holiday,clear,15.375,64.375,6.6260186,1095,1697
329,2018-11-26,autumn,0,11,not holiday,Monday,workingday,clear,15.409153,68.1667,4.5841936,1249,1819
330,2018-11-27,autumn,0,11,not holiday,Tuesday,workingday,clear,18.825847,69.8333,13.999918,810,2261
331,2018-11-28,autumn,0,11,not holiday,Wednesday,workingday,clear,20.642598,74.3043,9.522174,253,3614
332,2018-11-29,autumn,0,11,not holiday,Thursday,workingday,cloudy,18.791653,83.0833,17.292164,96,2818
333,2018-11-30,autumn,0,11,not holiday,Friday,workingday,clear,13.325,61.3333,18.167586,188,3425
334,2018-12-01,autumn,0,12,not holiday,Saturday,weekend or holiday,clear,12.8125,52.4583,14.750586,182,3545
335,2018-12-02,autumn,0,12,not holiday,Sunday,weekend or holiday,clear,12.880847,62.5833,6.750518,268,3672
336,2018-12-03,autumn,0,12,not holiday,Monday,workingday,clear,12.265847,61.2917,6.4174811,706,2908
337,2018-12-04,autumn,0,12,not holiday,Tuesday,workingday,clear,13.564153,77.5833,5.6252061,634,2851
338,2018-12-05,autumn,0,12,not holiday,Wednesday,workingday,cloudy,15.819153,82.7083,4.1679561,233,3578
339,2018-12-06,autumn,0,12,not holiday,Thursday,workingday,stormy,18.9625,94.9583,15.583061,126,2468
340,2018-12-07,autumn,0,12,not holiday,Friday,workingday,stormy,16.81,97.0417,17.833725,50,655
341,2018-12-08,autumn,0,12,not holiday,Saturday,weekend or holiday,clear,10.899153,58.0,16.083886,150,3172
342,2018-12-09,autumn,0,12,not holiday,Sunday,weekend or holiday,clear,11.924153,69.5833,5.5420189,261,3359
343,2018-12-10,autumn,0,12,not holiday,Monday,workingday,clear,11.275,50.75,15.625807,502,2688
344,2018-12-11,autumn,0,12,not holiday,Tuesday,workingday,clear,9.054153,49.0,4.4582939,377,2366
345,2018-12-12,autumn,0,12,not holiday,Wednesday,workingday,clear,9.771653,67.0833,4.25115,143,3167
346,2018-12-13,autumn,0,12,not holiday,Thursday,workingday,clear,11.5825,59.0,9.41685,155,3368
347,2018-12-14,autumn,0,12,not holiday,Friday,workingday,cloudy,13.0175,66.375,4.0842061,178,3562
348,2018-12-15,autumn,0,12,not holiday,Saturday,weekend or holiday,cloudy,17.3225,63.4167,17.958814,181,3528
349,2018-12-16,autumn,0,12,not holiday,Sunday,weekend or holiday,cloudy,15.375,50.0417,17.458525,178,3399
350,2018-12-17,autumn,0,12,not holiday,Monday,workingday,cloudy,10.591653,56.0833,16.292189,275,2464
351,2018-12-18,autumn,0,12,not holiday,Tuesday,workingday,clear,9.771653,58.625,11.375193,220,2211
352,2018-12-19,autumn,0,12,not holiday,Wednesday,workingday,clear,11.343347,63.75,11.584032,260,3143
353,2018-12-20,autumn,0,12,not holiday,Thursday,workingday,cloudy,15.819153,59.5417,4.1252436,216,3534
354,2018-12-21,autumn,0,12,not holiday,Friday,workingday,cloudy,17.561653,85.8333,14.8338,107,2553
355,2018-12-22,winter,0,12,not holiday,Saturday,weekend or holiday,cloudy,17.356653,75.75,3.167425,227,2841
356,2018-12-23,winter,0,12,not holiday,Sunday,weekend or holiday,clear,15.306653,68.625,18.374482,163,2046
357,2018-12-24,winter,0,12,not holiday,Monday,workingday,clear,12.4025,54.25,12.750368,155,856
358,2018-12-25,winter,0,12,holiday,Tuesday,weekend or holiday,clear,11.266103,68.1304,10.391097,303,451
359,2018-12-26,winter,0,12,not holiday,Wednesday,workingday,clear,13.191299,50.6957,16.044155,430,887
360,2018-12-27,winter,0,12,not holiday,Thursday,workingday,cloudy,13.325,76.25,12.62615,103,1059
361,2018-12-28,winter,0,12,not holiday,Friday,workingday,clear,12.26433,50.3913,19.695387,255,2047
362,2018-12-29,winter,0,12,not holiday,Saturday,weekend or holiday,clear,10.181653,57.4167,8.000604,254,2169
363,2018-12-30,winter,0,12,not holiday,Sunday,weekend or holiday,clear,12.778347,63.6667,9.000579,491,2508
364,2018-12-31,winter,0,12,not holiday,Monday,workingday,clear,16.81,61.5833,14.750318,665,1820
365,2019-01-01,winter,1,1,holiday,Tuesday,weekend or holiday,clear,15.17,69.25,12.875189,686,1608
366,2019-01-02,winter,1,1,not holiday,Wednesday,workingday,clear,11.194763,38.1304,22.087555,244,1707
367,2019-01-03,winter,1,1,not holiday,Thursday,workingday,clear,6.15,44.125,24.499957,89,2147
368,2019-01-04,winter,1,1,not holiday,Friday,workingday,cloudy,4.4075,41.4583,12.3749,95,2273
369,2019-01-05,winter,1,1,not holiday,Saturday,weekend or holiday,clear,10.899153,52.4167,8.709129,140,3132
370,2019-01-06,winter,1,1,not holiday,Sunday,weekend or holiday,clear,13.700847,54.2083,11.249836,307,3791
371,2019-01-07,winter,1,1,not holiday,Monday,workingday,clear,16.126653,53.1667,11.708786,1070,3451
372,2019-01-08,winter,1,1,not holiday,Tuesday,workingday,clear,13.8375,46.5,12.833314,599,2826
373,2019-01-09,winter,1,1,not holiday,Wednesday,workingday,cloudy,9.190847,70.1667,6.6263,106,2270
374,2019-01-10,winter,1,1,not holiday,Thursday,workingday,clear,12.656536,64.6522,12.565984,173,3425
375,2019-01-11,winter,1,1,not holiday,Friday,workingday,cloudy,11.240847,84.75,8.791807,92,2085
376,2019-01-12,winter,1,1,not holiday,Saturday,weekend or holiday,cloudy,15.6825,80.2917,12.124789,269,3828
377,2019-01-13,winter,1,1,not holiday,Sunday,weekend or holiday,clear,11.240847,50.75,25.333236,174,3040
378,2019-01-14,winter,1,1,not holiday,Monday,workingday,clear,7.38,45.75,12.541261,333,2160
379,2019-01-15,winter,1,1,not holiday,Tuesday,workingday,clear,6.833347,41.9167,16.834286,284,2027
380,2019-01-16,winter,1,1,not holiday,Wednesday,workingday,clear,7.79,52.25,15.500986,217,2081
381,2019-01-17,winter,1,1,not holiday,Thursday,workingday,cloudy,15.294763,71.6087,23.39171,127,2808
382,2019-01-18,winter,1,1,not holiday,Friday,workingday,clear,12.436653,44.3333,27.833743,109,3267
383,2019-01-19,winter,1,1,not holiday,Saturday,weekend or holiday,clear,7.79,49.75,14.750586,130,3162
384,2019-01-20,winter,1,1,not holiday,Sunday,weekend or holiday,cloudy,8.9175,45.0,13.58425,115,3048
385,2019-01-21,winter,1,1,holiday,Monday,weekend or holiday,cloudy,7.106653,83.125,14.917014,67,1234
386,2019-01-22,winter,1,1,not holiday,Tuesday,workingday,cloudy,6.6625,79.625,13.375746,196,1781
387,2019-01-23,winter,1,1,not holiday,Wednesday,workingday,cloudy,8.951653,91.125,7.417436,145,2287
388,2019-01-24,winter,1,1,not holiday,Thursday,workingday,clear,14.0425,83.5833,8.292389,439,3900
389,2019-01-25,winter,1,1,not holiday,Friday,workingday,clear,12.060847,64.375,10.791757,467,3803
390,2019-01-26,winter,1,1,not holiday,Saturday,weekend or holiday,cloudy,14.008347,76.9583,4.9175186,244,3831
391,2019-01-27,winter,1,1,not holiday,Sunday,weekend or holiday,cloudy,17.425,74.125,22.958689,269,3187
392,2019-01-28,winter,1,1,not holiday,Monday,workingday,clear,12.949153,54.3333,14.125543,775,3248
393,2019-01-29,winter,1,1,not holiday,Tuesday,workingday,clear,11.5825,31.125,16.08335,558,2685
394,2019-01-30,winter,1,1,not holiday,Wednesday,workingday,clear,11.035847,40.0833,14.458064,126,3498
395,2019-01-31,winter,1,1,not holiday,Thursday,workingday,clear,15.99,41.6667,17.541739,324,4185
396,2019-02-01,winter,1,2,not holiday,Friday,workingday,clear,19.235847,50.7917,12.667489,304,4275
397,2019-02-02,winter,1,2,not holiday,Saturday,weekend or holiday,cloudy,16.365847,67.2917,12.541529,190,3571
398,2019-02-03,winter,1,2,not holiday,Sunday,weekend or holiday,clear,12.846653,52.6667,11.959232,310,3841
399,2019-02-04,winter,1,2,not holiday,Monday,workingday,cloudy,10.830847,77.9583,8.167032,384,2448
400,2019-02-05,winter,1,2,not holiday,Tuesday,workingday,cloudy,10.899153,68.7917,11.791732,318,2629
401,2019-02-06,winter,1,2,not holiday,Wednesday,workingday,clear,11.586969,62.2174,10.3046,206,3578
402,2019-02-07,winter,1,2,not holiday,Thursday,workingday,clear,14.520847,49.625,9.874393,199,4176
403,2019-02-08,winter,1,2,not holiday,Friday,workingday,cloudy,10.523347,72.2917,8.959307,109,2693
404,2019-02-09,winter,1,2,not holiday,Saturday,weekend or holiday,clear,10.865,56.2083,13.000479,163,3667
405,2019-02-10,winter,1,2,not holiday,Sunday,weekend or holiday,cloudy,11.514153,54.0,7.834243,227,3604
406,2019-02-11,winter,1,2,not holiday,Monday,workingday,stormy,9.190847,73.125,19.416332,192,1977
407,2019-02-12,winter,1,2,not holiday,Tuesday,workingday,clear,5.2275,46.4583,27.417204,73,1456
408,2019-02-13,winter,1,2,not holiday,Wednesday,workingday,clear,9.1225,41.125,11.207961,94,3328
409,2019-02-14,winter,1,2,not holiday,Thursday,workingday,cloudy,13.085847,50.875,9.458993,135,3787
410,2019-02-15,winter,1,2,not holiday,Friday,workingday,clear,14.281653,53.125,12.1672,141,4028
411,2019-02-16,winter,1,2,not holiday,Saturday,weekend or holiday,cloudy,12.983347,75.2917,6.125475,74,2931
412,2019-02-17,winter,1,2,not holiday,Sunday,weekend or holiday,clear,14.076653,63.4583,13.791682,349,3805
413,2019-02-18,winter,1,2,holiday,Monday,weekend or holiday,clear,14.213347,53.4583,12.792243,1435,2883
414,2019-02-19,winter,1,2,not holiday,Tuesday,workingday,cloudy,11.48,51.5833,16.958504,618,2071
415,2019-02-20,winter,1,2,not holiday,Wednesday,workingday,clear,11.48,50.7826,15.348561,502,2627
416,2019-02-21,winter,1,2,not holiday,Thursday,workingday,clear,11.800866,59.4348,13.783039,163,3614
417,2019-02-22,winter,1,2,not holiday,Friday,workingday,clear,16.229153,56.7917,15.709557,394,4379
418,2019-02-23,winter,1,2,not holiday,Saturday,weekend or holiday,clear,18.620847,55.4583,12.791171,516,4546
419,2019-02-24,winter,1,2,not holiday,Sunday,weekend or holiday,cloudy,16.7075,73.75,15.916989,246,3241
420,2019-02-25,winter,1,2,not holiday,Monday,workingday,clear,11.924153,39.5833,28.250014,317,2415
421,2019-02-26,winter,1,2,not holiday,Tuesday,workingday,clear,11.445847,41.0,13.750343,515,2874
422,2019-02-27,winter,1,2,not holiday,Wednesday,workingday,clear,15.033347,49.0833,17.958211,253,4069
423,2019-02-28,winter,1,2,not holiday,Thursday,workingday,clear,14.725847,39.5833,12.958939,229,4134
424,2019-03-01,winter,1,3,not holiday,Friday,workingday,clear,19.919153,61.5417,15.208129,325,4665
425,2019-03-02,winter,1,3,not holiday,Saturday,weekend or holiday,cloudy,14.486653,65.7083,9.708568,246,2948
426,2019-03-03,winter,1,3,not holiday,Sunday,weekend or holiday,cloudy,16.980847,62.125,10.792293,956,3110
427,2019-03-04,winter,1,3,not holiday,Monday,workingday,clear,13.359153,40.3333,22.416257,710,2713
428,2019-03-05,winter,1,3,not holiday,Tuesday,workingday,clear,9.976653,50.625,15.333486,203,3130
429,2019-03-06,winter,1,3,not holiday,Wednesday,workingday,clear,10.591653,45.6667,13.458625,221,3735
430,2019-03-07,winter,1,3,not holiday,Thursday,workingday,clear,16.570847,51.3333,23.167193,432,4484
431,2019-03-08,winter,1,3,not holiday,Friday,workingday,clear,21.6275,56.75,29.584721,486,4896
432,2019-03-09,winter,1,3,not holiday,Saturday,weekend or holiday,cloudy,16.844153,40.7083,27.7916,447,4122
433,2019-03-10,winter,1,3,not holiday,Sunday,weekend or holiday,clear,11.7875,35.0417,15.12525,968,3150
434,2019-03-11,winter,1,3,not holiday,Monday,workingday,clear,14.831299,47.6957,14.913329,1658,3253
435,2019-03-12,winter,1,3,not holiday,Tuesday,workingday,clear,19.133347,48.9167,13.916771,838,4460
436,2019-03-13,winter,1,3,not holiday,Wednesday,workingday,clear,23.165,61.75,15.87565,762,5085
437,2019-03-14,winter,1,3,not holiday,Thursday,workingday,clear,23.4725,50.7083,7.709154,997,5315
438,2019-03-15,winter,1,3,not holiday,Friday,workingday,clear,22.8575,57.9583,10.042161,1005,5187
439,2019-03-16,winter,1,3,not holiday,Saturday,weekend or holiday,cloudy,17.869153,84.2083,7.583864,548,3830
440,2019-03-17,winter,1,3,not holiday,Sunday,weekend or holiday,cloudy,21.080847,75.5833,7.417168,3155,4681
441,2019-03-18,winter,1,3,not holiday,Monday,workingday,cloudy,19.3725,81.0,8.501161,2207,3685
442,2019-03-19,winter,1,3,not holiday,Tuesday,workingday,clear,22.345,72.875,10.875239,982,5171
443,2019-03-20,winter,1,3,not holiday,Wednesday,workingday,clear,22.994153,80.7917,8.125157,1051,5042
444,2019-03-21,spring,1,3,not holiday,Thursday,workingday,cloudy,21.798347,82.125,6.0004061,1122,5108
445,2019-03-22,spring,1,3,not holiday,Friday,workingday,clear,22.720847,83.125,7.876654,1334,5537
446,2019-03-23,spring,1,3,not holiday,Saturday,weekend or holiday,cloudy,24.668347,69.4167,7.7921,2469,5893
447,2019-03-24,spring,1,3,not holiday,Sunday,weekend or holiday,cloudy,20.6025,88.5417,12.916461,1033,2339
448,2019-03-25,spring,1,3,not holiday,Monday,workingday,cloudy,17.9375,88.0833,14.791925,1532,3464
449,2019-03-26,spring,1,3,not holiday,Tuesday,workingday,clear,18.279153,47.7917,25.917007,795,4763
450,2019-03-27,spring,1,3,not holiday,Wednesday,workingday,clear,13.256653,29.0,12.541864,531,4571
451,2019-03-28,spring,1,3,not holiday,Thursday,workingday,clear,19.850847,48.125,19.541957,674,5024
452,2019-03-29,spring,1,3,not holiday,Friday,workingday,clear,20.260847,43.9167,21.41655,834,5299
453,2019-03-30,spring,1,3,not holiday,Saturday,weekend or holiday,cloudy,15.17,58.0833,9.250489,796,4663
454,2019-03-31,spring,1,3,not holiday,Sunday,weekend or holiday,cloudy,17.390847,73.8333,16.791339,2301,3934
455,2019-04-01,spring,1,4,not holiday,Monday,workingday,cloudy,17.459153,67.625,11.541889,2347,3694
456,2019-04-02,spring,1,4,not holiday,Tuesday,workingday,clear,17.790433,50.4348,20.913313,1208,4728
457,2019-04-03,spring,1,4,not holiday,Wednesday,workingday,clear,19.133347,39.6667,6.708911,1348,5424
458,2019-04-04,spring,1,4,not holiday,Thursday,workingday,clear,22.208347,46.9583,12.125325,1058,5378
459,2019-04-05,spring,1,4,not holiday,Friday,workingday,clear,17.835,37.4167,14.708443,1192,5265
460,2019-04-06,spring,1,4,not holiday,Saturday,weekend or holiday,clear,16.536653,37.7083,20.125996,1807,4653
461,2019-04-07,spring,1,4,not holiday,Sunday,weekend or holiday,clear,17.9375,25.4167,18.416357,3252,3605
462,2019-04-08,spring,1,4,not holiday,Monday,workingday,clear,20.5,27.5833,15.583932,2230,2939
463,2019-04-09,spring,1,4,not holiday,Tuesday,workingday,clear,20.055847,31.75,23.999132,905,4680
464,2019-04-10,spring,1,4,not holiday,Wednesday,workingday,clear,18.313347,43.5,16.708125,819,5099
465,2019-04-11,spring,1,4,not holiday,Thursday,workingday,clear,14.296536,46.9565,19.783358,482,4380
466,2019-04-12,spring,1,4,not holiday,Friday,workingday,clear,16.2975,46.625,19.458743,663,4746
467,2019-04-13,spring,1,4,not holiday,Saturday,weekend or holiday,clear,18.1425,40.8333,10.416557,1252,5146
468,2019-04-14,spring,1,4,not holiday,Sunday,weekend or holiday,clear,20.295,50.2917,12.791439,2795,4665
469,2019-04-15,spring,1,4,not holiday,Monday,workingday,clear,24.873347,50.7917,15.083643,2846,4286
470,2019-04-16,spring,1,4,holiday,Tuesday,weekend or holiday,clear,27.230847,56.1667,19.083543,1198,5172
471,2019-04-17,spring,1,4,not holiday,Wednesday,workingday,clear,24.941653,39.0417,18.333143,989,5702
472,2019-04-18,spring,1,4,not holiday,Thursday,workingday,cloudy,18.996653,56.9167,11.250104,347,4020
473,2019-04-19,spring,1,4,not holiday,Friday,workingday,clear,20.431653,61.25,4.4172564,846,5719
474,2019-04-20,spring,1,4,not holiday,Saturday,weekend or holiday,clear,21.593347,69.4583,10.041357,1340,5950
475,2019-04-21,spring,1,4,not holiday,Sunday,weekend or holiday,clear,23.37,68.2917,19.000329,2541,4083
476,2019-04-22,spring,1,4,not holiday,Monday,workingday,stormy,16.263347,83.5417,23.084582,120,907
477,2019-04-23,spring,1,4,not holiday,Tuesday,workingday,cloudy,13.188347,76.6667,20.334232,195,3019
478,2019-04-24,spring,1,4,not holiday,Wednesday,workingday,clear,16.946653,45.4167,16.708661,518,5115
479,2019-04-25,spring,1,4,not holiday,Thursday,workingday,clear,19.543347,42.7917,7.959064,655,5541
480,2019-04-26,spring,1,4,not holiday,Friday,workingday,cloudy,20.431653,75.6667,11.833875,475,4551
481,2019-04-27,spring,1,4,not holiday,Saturday,weekend or holiday,clear,18.7575,40.0833,23.291411,1014,5219
482,2019-04-28,spring,1,4,not holiday,Sunday,weekend or holiday,cloudy,15.443347,48.9583,8.708325,1120,3100
483,2019-04-29,spring,1,4,not holiday,Monday,workingday,clear,18.791653,58.7083,7.832836,2229,4075
484,2019-04-30,spring,1,4,not holiday,Tuesday,workingday,cloudy,19.030847,57.0,11.499746,665,4907
485,2019-05-01,spring,1,5,not holiday,Wednesday,workingday,cloudy,25.146653,65.9583,10.458432,653,5087
486,2019-05-02,spring,1,5,not holiday,Thursday,workingday,clear,23.130847,79.7083,9.249886,667,5502
487,2019-05-03,spring,1,5,not holiday,Friday,workingday,cloudy,22.96,76.8333,8.957632,764,5657
488,2019-05-04,spring,1,5,not holiday,Saturday,weekend or holiday,clear,25.7275,73.5417,10.916846,1069,5227
489,2019-05-05,spring,1,5,not holiday,Sunday,weekend or holiday,cloudy,25.488347,75.6667,10.250464,2496,4387
490,2019-05-06,spring,1,5,not holiday,Monday,workingday,cloudy,23.0625,74.0,10.041893,2135,4224
491,2019-05-07,spring,1,5,not holiday,Tuesday,workingday,cloudy,22.0375,66.4167,15.458307,1008,5265
492,2019-05-08,spring,1,5,not holiday,Wednesday,workingday,cloudy,23.848347,68.5833,19.833943,738,4990
493,2019-05-09,spring,1,5,not holiday,Thursday,workingday,cloudy,23.575,74.4167,14.499604,620,4097
494,2019-05-10,spring,1,5,not holiday,Friday,workingday,clear,20.739153,55.2083,21.042221,1026,5546
495,2019-05-11,spring,1,5,not holiday,Saturday,weekend or holiday,clear,21.866653,36.0417,15.874779,1319,5711
496,2019-05-12,spring,1,5,not holiday,Sunday,weekend or holiday,clear,23.130847,48.0417,8.249911,2622,4807
497,2019-05-13,spring,1,5,not holiday,Monday,workingday,clear,25.1125,57.625,15.082839,2172,3946
498,2019-05-14,spring,1,5,not holiday,Tuesday,workingday,cloudy,23.506653,78.9583,14.250364,342,2501
499,2019-05-15,spring,1,5,not holiday,Wednesday,workingday,cloudy,25.078347,79.4583,9.875264,625,4490
500,2019-05-16,spring,1,5,not holiday,Thursday,workingday,clear,26.103347,69.7917,8.208304,991,6433
501,2019-05-17,spring,1,5,not holiday,Friday,workingday,clear,24.326653,52.0,15.374825,1242,6142
502,2019-05-18,spring,1,5,not holiday,Saturday,weekend or holiday,clear,23.130847,52.3333,9.166739,1521,6118
503,2019-05-19,spring,1,5,not holiday,Sunday,weekend or holiday,clear,24.6,45.625,5.626325,3410,4884
504,2019-05-20,spring,1,5,not holiday,Monday,workingday,clear,25.454153,53.0417,17.042589,2704,4425
505,2019-05-21,spring,1,5,not holiday,Tuesday,workingday,cloudy,24.531653,81.125,15.624668,630,3729
506,2019-05-22,spring,1,5,not holiday,Wednesday,workingday,cloudy,25.215,76.5833,7.917189,819,5254
507,2019-05-23,spring,1,5,not holiday,Thursday,workingday,cloudy,25.488347,77.4583,6.834,766,4494
508,2019-05-24,spring,1,5,not holiday,Friday,workingday,clear,26.855,71.6667,11.584032,1059,5711
509,2019-05-25,spring,1,5,not holiday,Saturday,weekend or holiday,clear,27.88,74.7083,9.41685,1417,5317
510,2019-05-26,spring,1,5,not holiday,Sunday,weekend or holiday,clear,28.3925,73.25,13.332464,2855,3681
511,2019-05-27,spring,1,5,holiday,Monday,weekend or holiday,clear,28.29,69.7083,14.416457,3283,3308
512,2019-05-28,spring,1,5,not holiday,Tuesday,workingday,clear,29.2125,67.625,13.166907,2557,3486
513,2019-05-29,spring,1,5,not holiday,Wednesday,workingday,clear,29.6225,68.4583,19.7918,880,4863
514,2019-05-30,spring,1,5,not holiday,Thursday,workingday,cloudy,26.923347,67.0,9.000043,745,6110
515,2019-05-31,spring,1,5,not holiday,Friday,workingday,clear,27.88,49.2917,13.083693,1100,6238
516,2019-06-01,spring,1,6,not holiday,Saturday,weekend or holiday,cloudy,26.820847,75.5417,15.916721,533,3594
517,2019-06-02,spring,1,6,not holiday,Sunday,weekend or holiday,clear,23.916653,54.9167,12.499654,2795,5325
518,2019-06-03,spring,1,6,not holiday,Monday,workingday,clear,24.7025,49.3333,12.333829,2494,5147
519,2019-06-04,spring,1,6,not holiday,Tuesday,workingday,clear,24.4975,48.7083,19.083811,1071,5927
520,2019-06-05,spring,1,6,not holiday,Wednesday,workingday,cloudy,22.174153,61.3333,14.041525,968,6033
521,2019-06-06,spring,1,6,not holiday,Thursday,workingday,clear,22.720847,61.125,5.167375,1027,6028
522,2019-06-07,spring,1,6,not holiday,Friday,workingday,clear,24.7025,56.7083,10.54245,1038,6456
523,2019-06-08,spring,1,6,not holiday,Saturday,weekend or holiday,clear,26.615847,46.7917,11.750661,1488,6248
524,2019-06-09,spring,1,6,not holiday,Sunday,weekend or holiday,clear,29.144153,43.7083,9.667229,2708,4790
525,2019-06-10,spring,1,6,not holiday,Monday,workingday,clear,29.793347,53.8333,8.959307,2224,4374
526,2019-06-11,spring,1,6,not holiday,Tuesday,workingday,cloudy,29.554153,58.7917,13.916771,1017,5647
527,2019-06-12,spring,1,6,not holiday,Wednesday,workingday,cloudy,26.786653,83.3333,14.374582,477,4495
528,2019-06-13,spring,1,6,not holiday,Thursday,workingday,clear,26.889153,58.2083,22.999693,1173,6248
529,2019-06-14,spring,1,6,not holiday,Friday,workingday,clear,26.581653,56.9583,17.000111,1180,6183
530,2019-06-15,spring,1,6,not holiday,Saturday,weekend or holiday,clear,26.205847,58.9583,11.833339,1563,6102
531,2019-06-16,spring,1,6,not holiday,Sunday,weekend or holiday,clear,25.898347,50.4167,11.166689,2963,4739
532,2019-06-17,spring,1,6,not holiday,Monday,workingday,clear,24.2925,59.875,9.708568,2634,4344
533,2019-06-18,spring,1,6,not holiday,Tuesday,workingday,cloudy,23.301653,77.7917,11.707982,653,4446
534,2019-06-19,spring,1,6,not holiday,Wednesday,workingday,clear,28.221653,69.0,9.917139,968,5857
535,2019-06-20,spring,1,6,not holiday,Thursday,workingday,clear,32.0825,59.2083,7.625404,872,5339
536,2019-06-21,spring,1,6,not holiday,Friday,workingday,clear,33.039153,56.7917,7.958729,778,5127
537,2019-06-22,summer,1,6,not holiday,Saturday,weekend or holiday,clear,31.8775,57.375,12.250414,964,4859
538,2019-06-23,summer,1,6,not holiday,Sunday,weekend or holiday,clear,29.998347,53.4583,12.041307,2657,4801
539,2019-06-24,summer,1,6,not holiday,Monday,workingday,clear,30.476653,47.9167,9.750175,2551,4340
540,2019-06-25,summer,1,6,not holiday,Tuesday,workingday,clear,29.349153,50.4167,20.125661,1139,5640
541,2019-06-26,summer,1,6,not holiday,Wednesday,workingday,clear,25.864153,37.3333,23.292014,1077,6365
542,2019-06-27,summer,1,6,not holiday,Thursday,workingday,clear,28.5975,36.0,18.208925,1077,6258
543,2019-06-28,summer,1,6,not holiday,Friday,workingday,clear,30.715847,42.25,11.50055,921,5958
544,2019-06-29,summer,1,6,not holiday,Saturday,weekend or holiday,clear,34.200847,48.875,11.082939,829,4634
545,2019-06-30,summer,1,6,not holiday,Sunday,weekend or holiday,clear,31.365,60.125,10.791757,1455,4232
546,2019-07-01,summer,1,7,not holiday,Monday,workingday,clear,33.449153,51.875,11.291443,1421,4110
547,2019-07-02,summer,1,7,not holiday,Tuesday,workingday,clear,32.048347,44.7083,13.082889,904,5323
548,2019-07-03,summer,1,7,not holiday,Wednesday,workingday,clear,32.014153,49.2083,8.457879,1052,5608
549,2019-07-04,summer,1,7,holiday,Thursday,weekend or holiday,clear,32.355847,53.875,9.04165,2562,4841
550,2019-07-05,summer,1,7,not holiday,Friday,workingday,clear,33.9275,45.7917,12.999943,1405,4836
551,2019-07-06,summer,1,7,not holiday,Saturday,weekend or holiday,clear,33.961653,45.0833,9.791514,1366,4841
552,2019-07-07,summer,1,7,not holiday,Sunday,weekend or holiday,clear,35.328347,49.2083,10.958118,1448,3392
553,2019-07-08,summer,1,7,not holiday,Monday,workingday,clear,33.7225,57.375,8.417143,1203,3469
554,2019-07-09,summer,1,7,not holiday,Tuesday,workingday,cloudy,29.144153,68.3333,12.125325,998,5571
555,2019-07-10,summer,1,7,not holiday,Wednesday,workingday,cloudy,29.554153,66.75,10.166379,954,5336
556,2019-07-11,summer,1,7,not holiday,Thursday,workingday,clear,29.383347,63.3333,10.166111,975,6289
557,2019-07-12,summer,1,7,not holiday,Friday,workingday,clear,29.349153,52.9583,9.833925,1032,6414
558,2019-07-13,summer,1,7,not holiday,Saturday,weekend or holiday,cloudy,29.998347,48.5833,5.41695,1511,5988
559,2019-07-14,summer,1,7,not holiday,Sunday,weekend or holiday,cloudy,28.836653,69.9167,9.626493,2355,4614
560,2019-07-15,summer,1,7,not holiday,Monday,workingday,clear,30.579153,71.7917,11.166689,1920,4111
561,2019-07-16,summer,1,7,not holiday,Tuesday,workingday,clear,31.296653,64.5,11.000529,1088,5742
562,2019-07-17,summer,1,7,not holiday,Wednesday,workingday,clear,33.551653,50.5833,7.666743,921,5865
563,2019-07-18,summer,1,7,not holiday,Thursday,workingday,clear,32.526653,57.7083,9.208614,799,4914
564,2019-07-19,summer,1,7,not holiday,Friday,workingday,clear,31.57,60.0417,11.083743,888,5703
565,2019-07-20,summer,1,7,not holiday,Saturday,weekend or holiday,cloudy,27.299153,84.4167,14.000789,747,5123
566,2019-07-21,summer,1,7,not holiday,Sunday,weekend or holiday,stormy,24.429153,86.5417,14.2911,1264,3195
567,2019-07-22,summer,1,7,not holiday,Monday,workingday,cloudy,27.3675,76.25,6.2926936,2544,4866
568,2019-07-23,summer,1,7,not holiday,Tuesday,workingday,clear,30.408347,69.4167,9.291761,1135,5831
569,2019-07-24,summer,1,7,not holiday,Wednesday,workingday,clear,30.784153,65.5,14.167418,1140,6452
570,2019-07-25,summer,1,7,not holiday,Thursday,workingday,clear,29.690847,45.0,11.0416,1383,6790
571,2019-07-26,summer,1,7,not holiday,Friday,workingday,clear,31.843347,59.6667,19.082471,1036,5825
572,2019-07-27,summer,1,7,not holiday,Saturday,weekend or holiday,clear,32.048347,59.4583,10.250464,1259,5645
573,2019-07-28,summer,1,7,not holiday,Sunday,weekend or holiday,clear,30.989153,61.3333,10.54245,2234,4451
574,2019-07-29,summer,1,7,not holiday,Monday,workingday,clear,29.588347,62.375,11.416532,2153,4444
575,2019-07-30,summer,1,7,not holiday,Tuesday,workingday,clear,29.964153,66.875,10.292339,1040,6065
576,2019-07-31,summer,1,7,not holiday,Wednesday,workingday,clear,29.246653,70.4167,11.083475,968,6248
577,2019-08-01,summer,1,8,not holiday,Thursday,workingday,clear,29.4175,67.75,9.458993,1074,6506
578,2019-08-02,summer,1,8,not holiday,Friday,workingday,clear,30.8525,65.9583,8.666718,983,6278
579,2019-08-03,summer,1,8,not holiday,Saturday,weekend or holiday,cloudy,31.399153,64.25,14.458064,1328,5847
580,2019-08-04,summer,1,8,not holiday,Sunday,weekend or holiday,clear,32.526653,61.3333,17.249686,2345,4479
581,2019-08-05,summer,1,8,not holiday,Monday,workingday,clear,31.535847,65.25,19.458207,1707,3757
582,2019-08-06,summer,1,8,not holiday,Tuesday,workingday,cloudy,30.8525,65.4167,8.666718,1233,5780
583,2019-08-07,summer,1,8,not holiday,Wednesday,workingday,cloudy,30.169153,70.375,7.832836,1278,5995
584,2019-08-08,summer,1,8,not holiday,Thursday,workingday,cloudy,30.75,67.2917,7.4169,1263,6271
585,2019-08-09,summer,1,8,not holiday,Friday,workingday,clear,30.989153,62.0417,10.4587,1196,6090
586,2019-08-10,summer,1,8,not holiday,Saturday,weekend or holiday,cloudy,29.349153,71.5833,16.000471,1065,4721
587,2019-08-11,summer,1,8,not holiday,Sunday,weekend or holiday,cloudy,28.3925,73.2917,13.834093,2247,4052
588,2019-08-12,summer,1,8,not holiday,Monday,workingday,clear,28.734153,53.0417,8.208304,2182,4362
589,2019-08-13,summer,1,8,not holiday,Tuesday,workingday,clear,29.554153,54.5417,9.126204,1207,5676
590,2019-08-14,summer,1,8,not holiday,Wednesday,workingday,clear,29.793347,68.6667,11.333586,1128,5656
591,2019-08-15,summer,1,8,not holiday,Thursday,workingday,clear,28.973347,61.9583,11.374657,1198,6149
592,2019-08-16,summer,1,8,not holiday,Friday,workingday,clear,29.485847,51.9167,9.500332,1338,6267
593,2019-08-17,summer,1,8,not holiday,Saturday,weekend or holiday,clear,29.656653,57.0833,15.500718,1483,5665
594,2019-08-18,summer,1,8,not holiday,Sunday,weekend or holiday,clear,27.811653,60.3333,11.917089,2827,5038
595,2019-08-19,summer,1,8,not holiday,Monday,workingday,cloudy,26.069153,71.1667,5.79215,1208,3341
596,2019-08-20,summer,1,8,not holiday,Tuesday,workingday,cloudy,26.069153,73.4167,8.708593,1026,5504
597,2019-08-21,summer,1,8,not holiday,Wednesday,workingday,clear,26.615847,67.375,4.8756436,1081,5925
598,2019-08-22,summer,1,8,not holiday,Thursday,workingday,clear,27.3675,67.7083,4.7089811,1094,6281
599,2019-08-23,summer,1,8,not holiday,Friday,workingday,clear,28.529153,63.5833,5.6679186,1363,6402
600,2019-08-24,summer,1,8,not holiday,Saturday,weekend or holiday,cloudy,28.8025,61.5,4.8337686,1325,6257
601,2019-08-25,summer,1,8,not holiday,Sunday,weekend or holiday,cloudy,27.128347,71.2917,16.375336,1829,4224
602,2019-08-26,summer,1,8,not holiday,Monday,workingday,cloudy,26.786653,84.5833,15.333486,1483,3772
603,2019-08-27,summer,1,8,not holiday,Tuesday,workingday,clear,28.836653,73.0417,8.625111,989,5928
604,2019-08-28,summer,1,8,not holiday,Wednesday,workingday,clear,29.861653,62.0,12.791975,935,6105
605,2019-08-29,summer,1,8,not holiday,Thursday,workingday,clear,28.085,55.2083,7.541654,1177,6520
606,2019-08-30,summer,1,8,not holiday,Friday,workingday,clear,28.973347,59.0417,5.1668189,1172,6541
607,2019-08-31,summer,1,8,not holiday,Saturday,weekend or holiday,clear,31.330847,58.75,11.291711,1433,5917
608,2019-09-01,summer,1,9,not holiday,Sunday,weekend or holiday,cloudy,30.886653,63.8333,7.583529,2352,3788
609,2019-09-02,summer,1,9,holiday,Monday,weekend or holiday,cloudy,28.563347,81.5,4.2927436,2613,3197
610,2019-09-03,summer,1,9,not holiday,Tuesday,workingday,clear,29.0075,79.0833,10.125107,1965,4069
611,2019-09-04,summer,1,9,not holiday,Wednesday,workingday,clear,29.759153,75.5,15.833507,867,5997
612,2019-09-05,summer,1,9,not holiday,Thursday,workingday,clear,30.203347,74.125,12.583136,832,6280
613,2019-09-06,summer,1,9,not holiday,Friday,workingday,cloudy,28.563347,81.0417,9.542207,611,5592
614,2019-09-07,summer,1,9,not holiday,Saturday,weekend or holiday,clear,28.836653,73.625,11.500282,1045,6459
615,2019-09-08,summer,1,9,not holiday,Sunday,weekend or holiday,cloudy,27.025847,79.9167,18.833968,1557,4419
616,2019-09-09,summer,1,9,not holiday,Monday,workingday,clear,25.01,54.75,15.041232,2570,5657
617,2019-09-10,summer,1,9,not holiday,Tuesday,workingday,clear,23.916653,50.375,17.333771,1118,6407
618,2019-09-11,summer,1,9,not holiday,Wednesday,workingday,clear,23.6775,52.0,6.1676314,1070,6697
619,2019-09-12,summer,1,9,not holiday,Thursday,workingday,clear,24.565847,57.7083,8.833682,1050,6820
620,2019-09-13,summer,1,9,not holiday,Friday,workingday,clear,25.1125,63.7083,5.5422936,1054,6750
621,2019-09-14,summer,1,9,not holiday,Saturday,weekend or holiday,clear,25.966653,67.25,6.958821,1379,6630
622,2019-09-15,summer,1,9,not holiday,Sunday,weekend or holiday,clear,24.941653,50.1667,16.583907,3160,5554
623,2019-09-16,summer,1,9,not holiday,Monday,workingday,clear,23.78,57.0,6.0422811,2166,5167
624,2019-09-17,summer,1,9,not holiday,Tuesday,workingday,cloudy,23.814153,73.4583,10.166714,1022,5847
625,2019-09-18,summer,1,9,not holiday,Wednesday,workingday,cloudy,25.556653,87.25,23.958329,371,3702
626,2019-09-19,summer,1,9,not holiday,Thursday,workingday,clear,22.6525,53.6667,14.416725,788,6803
627,2019-09-20,summer,1,9,not holiday,Friday,workingday,clear,22.413347,61.8333,7.917189,939,6781
628,2019-09-21,summer,1,9,not holiday,Saturday,weekend or holiday,clear,24.565847,66.875,10.333343,1250,6917
629,2019-09-22,summer,1,9,not holiday,Sunday,weekend or holiday,clear,26.65,64.6667,19.000061,2512,5883
630,2019-09-23,autumn,1,9,not holiday,Monday,workingday,clear,21.695847,46.7083,14.958286,2454,5453
631,2019-09-24,autumn,1,9,not holiday,Tuesday,workingday,clear,21.080847,49.2917,9.541068,1001,6435
632,2019-09-25,autumn,1,9,not holiday,Wednesday,workingday,clear,22.55,57.0,15.833507,845,6693
633,2019-09-26,autumn,1,9,not holiday,Thursday,workingday,clear,26.035,63.0833,16.3748,787,6946
634,2019-09-27,autumn,1,9,not holiday,Friday,workingday,cloudy,26.65,69.0833,9.000914,751,6642
635,2019-09-28,autumn,1,9,not holiday,Saturday,weekend or holiday,cloudy,25.385847,69.0,10.999993,1045,6370
636,2019-09-29,autumn,1,9,not holiday,Sunday,weekend or holiday,clear,22.2425,54.2917,15.249468,2589,5966
637,2019-09-30,autumn,1,9,not holiday,Monday,workingday,clear,21.593347,58.3333,9.042186,2015,4874
638,2019-10-01,autumn,1,10,not holiday,Tuesday,workingday,cloudy,21.354153,64.9167,6.0838814,763,6015
639,2019-10-02,autumn,1,10,not holiday,Wednesday,workingday,stormy,24.224153,87.1667,6.999825,315,4324
640,2019-10-03,autumn,1,10,not holiday,Thursday,workingday,cloudy,26.9575,79.375,4.4585686,728,6844
641,2019-10-04,autumn,1,10,not holiday,Friday,workingday,cloudy,26.9575,72.2917,7.875582,891,6437
642,2019-10-05,autumn,1,10,not holiday,Saturday,weekend or holiday,clear,25.215,62.75,7.12545,1516,6640
643,2019-10-06,autumn,1,10,not holiday,Sunday,weekend or holiday,clear,22.720847,66.4167,17.957675,3031,4934
644,2019-10-07,autumn,1,10,not holiday,Monday,workingday,cloudy,17.049153,70.8333,9.457854,781,2729
645,2019-10-08,autumn,1,10,not holiday,Tuesday,workingday,cloudy,15.716653,70.9583,12.708493,874,4604
646,2019-10-09,autumn,1,10,not holiday,Wednesday,workingday,cloudy,18.313347,76.1667,12.7501,601,5791
647,2019-10-10,autumn,1,10,not holiday,Thursday,workingday,clear,21.080847,63.0833,12.584007,780,6911
648,2019-10-11,autumn,1,10,not holiday,Friday,workingday,clear,17.835,46.3333,12.166932,834,6736
649,2019-10-12,autumn,1,10,not holiday,Saturday,weekend or holiday,clear,17.9375,53.9167,15.751164,1060,6222
650,2019-10-13,autumn,1,10,not holiday,Sunday,weekend or holiday,clear,16.126653,49.4583,9.791514,2252,4857
651,2019-10-14,autumn,1,10,holiday,Monday,weekend or holiday,clear,21.388347,64.0417,18.667004,2080,4559
652,2019-10-15,autumn,1,10,not holiday,Tuesday,workingday,cloudy,23.028347,70.75,19.834479,760,5115
653,2019-10-16,autumn,1,10,not holiday,Wednesday,workingday,clear,19.201653,55.8333,12.208807,922,6612
654,2019-10-17,autumn,1,10,not holiday,Thursday,workingday,clear,18.689153,69.2917,6.791857,979,6482
655,2019-10-18,autumn,1,10,not holiday,Friday,workingday,cloudy,21.4225,72.8333,15.874779,1008,6501
656,2019-10-19,autumn,1,10,not holiday,Saturday,weekend or holiday,cloudy,23.096653,81.5,9.041918,753,4671
657,2019-10-20,autumn,1,10,not holiday,Sunday,weekend or holiday,clear,19.850847,57.2917,7.874979,2806,5284
658,2019-10-21,autumn,1,10,not holiday,Monday,workingday,clear,19.030847,51.0,11.125618,2132,4692
659,2019-10-22,autumn,1,10,not holiday,Tuesday,workingday,clear,19.9875,56.8333,5.4593811,830,6228
660,2019-10-23,autumn,1,10,not holiday,Wednesday,workingday,clear,22.310847,64.1667,6.3345686,841,6625
661,2019-10-24,autumn,1,10,not holiday,Thursday,workingday,clear,24.0875,63.625,4.8762064,795,6898
662,2019-10-25,autumn,1,10,not holiday,Friday,workingday,cloudy,22.55,80.0417,8.333125,875,6484
663,2019-10-26,autumn,1,10,not holiday,Saturday,weekend or holiday,cloudy,22.379153,80.7083,8.875289,1182,6262
664,2019-10-27,autumn,1,10,not holiday,Sunday,weekend or holiday,cloudy,21.73,72.0,15.791364,2643,5209
665,2019-10-28,autumn,1,10,not holiday,Monday,workingday,cloudy,19.5775,69.4583,26.666536,998,3461
666,2019-10-29,autumn,1,10,not holiday,Tuesday,workingday,stormy,18.04,88.0,23.9994,2,20
667,2019-10-30,autumn,1,10,not holiday,Wednesday,workingday,cloudy,13.045462,82.5455,14.271603,87,1009
668,2019-10-31,autumn,1,10,not holiday,Thursday,workingday,cloudy,14.6575,66.6667,11.166689,419,5147
669,2019-11-01,autumn,1,11,not holiday,Friday,workingday,cloudy,14.999153,58.1667,10.542182,466,5520
670,2019-11-02,autumn,1,11,not holiday,Saturday,weekend or holiday,clear,14.555,52.2083,17.833725,618,5229
671,2019-11-03,autumn,1,11,not holiday,Sunday,weekend or holiday,cloudy,14.076653,49.125,18.125443,1029,4109
672,2019-11-04,autumn,1,11,not holiday,Monday,workingday,clear,13.359153,53.2917,12.000236,1201,3906
673,2019-11-05,autumn,1,11,not holiday,Tuesday,workingday,clear,13.085847,49.4167,15.833775,378,4881
674,2019-11-06,autumn,1,11,not holiday,Wednesday,workingday,clear,11.514153,56.7083,11.625371,466,5220
675,2019-11-07,autumn,1,11,not holiday,Thursday,workingday,cloudy,12.129153,54.75,20.375236,326,4709
676,2019-11-08,autumn,1,11,not holiday,Friday,workingday,clear,14.439134,33.3478,23.304945,340,4975
677,2019-11-09,autumn,1,11,not holiday,Saturday,weekend or holiday,clear,14.828347,54.0833,14.375386,709,5283
678,2019-11-10,autumn,1,11,not holiday,Sunday,weekend or holiday,clear,15.955847,64.5417,3.8756686,2090,4446
679,2019-11-11,autumn,1,11,holiday,Monday,weekend or holiday,clear,17.254153,65.9167,8.5425,2290,4562
680,2019-11-12,autumn,1,11,not holiday,Tuesday,workingday,clear,19.885,74.1667,11.625639,1097,5172
681,2019-11-13,autumn,1,11,not holiday,Wednesday,workingday,cloudy,14.076653,66.2917,22.917082,327,3767
682,2019-11-14,autumn,1,11,not holiday,Thursday,workingday,clear,11.855847,55.2083,13.374875,373,5122
683,2019-11-15,autumn,1,11,not holiday,Friday,workingday,cloudy,13.188347,62.0417,10.250129,320,5125
684,2019-11-16,autumn,1,11,not holiday,Saturday,weekend or holiday,clear,14.145,52.4583,11.458675,484,5214
685,2019-11-17,autumn,1,11,not holiday,Sunday,weekend or holiday,clear,13.325,54.5417,12.041843,1313,4316
686,2019-11-18,autumn,1,11,not holiday,Monday,workingday,clear,14.0425,69.2917,15.250004,922,3747
687,2019-11-19,autumn,1,11,not holiday,Tuesday,workingday,cloudy,15.614153,62.3333,15.749489,449,5050
688,2019-11-20,autumn,1,11,not holiday,Wednesday,workingday,cloudy,15.340847,68.5,5.542575,534,5100
689,2019-11-21,autumn,1,11,not holiday,Thursday,workingday,clear,14.486653,61.375,6.917482,615,4531
690,2019-11-22,autumn,1,11,not holiday,Friday,workingday,clear,13.94,58.0417,3.5423436,955,1470
691,2019-11-23,autumn,1,11,not holiday,Saturday,weekend or holiday,clear,15.101653,56.875,9.917407,1603,2307
692,2019-11-24,autumn,1,11,not holiday,Sunday,weekend or holiday,clear,11.411653,40.4583,25.250357,532,1745
693,2019-11-25,autumn,1,11,not holiday,Monday,workingday,clear,10.079153,46.8333,10.0835,309,2115
694,2019-11-26,autumn,1,11,not holiday,Tuesday,workingday,clear,12.846653,53.5417,3.12555,337,4750
695,2019-11-27,autumn,1,11,not holiday,Wednesday,workingday,cloudy,11.958347,78.6667,15.916654,123,3836
696,2019-11-28,autumn,1,11,holiday,Thursday,weekend or holiday,clear,12.163347,50.625,14.125007,198,5062
697,2019-11-29,autumn,1,11,not holiday,Friday,workingday,clear,11.51567,55.5652,7.739974,243,5080
698,2019-11-30,autumn,1,11,not holiday,Saturday,weekend or holiday,clear,12.231653,64.9583,3.9175436,362,5306
699,2019-12-01,autumn,1,12,not holiday,Sunday,weekend or holiday,cloudy,12.231653,80.6667,4.0001814,951,4240
700,2019-12-02,autumn,1,12,not holiday,Monday,workingday,cloudy,14.2475,82.3333,8.333393,892,3757
701,2019-12-03,autumn,1,12,not holiday,Tuesday,workingday,clear,18.5525,76.75,5.5422936,555,5679
702,2019-12-04,autumn,1,12,not holiday,Wednesday,workingday,clear,19.509153,73.375,11.666643,551,6055
703,2019-12-05,autumn,1,12,not holiday,Thursday,workingday,clear,17.971653,48.5,21.709407,331,5398
704,2019-12-06,autumn,1,12,not holiday,Friday,workingday,clear,10.489153,50.875,11.708518,340,5035
705,2019-12-07,autumn,1,12,not holiday,Saturday,weekend or holiday,cloudy,13.154153,76.4167,8.7502,349,4659
706,2019-12-08,autumn,1,12,not holiday,Sunday,weekend or holiday,cloudy,15.648347,91.125,6.792393,1153,4429
707,2019-12-09,autumn,1,12,not holiday,Monday,workingday,cloudy,15.750847,90.5417,10.584325,441,2787
708,2019-12-10,autumn,1,12,not holiday,Tuesday,workingday,cloudy,17.869153,92.5,12.750636,329,4841
709,2019-12-11,autumn,1,12,not holiday,Wednesday,workingday,cloudy,14.486653,59.6667,19.834479,282,5219
710,2019-12-12,autumn,1,12,not holiday,Thursday,workingday,cloudy,12.1975,53.8333,10.916779,310,5009
711,2019-12-13,autumn,1,12,not holiday,Friday,workingday,clear,12.129153,48.5833,11.666643,425,5107
712,2019-12-14,autumn,1,12,not holiday,Saturday,weekend or holiday,clear,11.548347,64.2917,8.792343,429,5182
713,2019-12-15,autumn,1,12,not holiday,Sunday,weekend or holiday,clear,13.290847,65.0417,7.12545,767,4280
714,2019-12-16,autumn,1,12,not holiday,Monday,workingday,cloudy,14.8625,83.875,6.749714,538,3248
715,2019-12-17,autumn,1,12,not holiday,Tuesday,workingday,cloudy,16.126653,90.7083,6.5833061,212,4373
716,2019-12-18,autumn,1,12,not holiday,Wednesday,workingday,clear,16.844153,66.625,14.834068,433,5124
717,2019-12-19,autumn,1,12,not holiday,Thursday,workingday,clear,13.6325,62.5417,12.334164,333,4934
718,2019-12-20,autumn,1,12,not holiday,Friday,workingday,cloudy,13.53,66.7917,8.875021,314,3814
719,2019-12-21,autumn,1,12,not holiday,Saturday,weekend or holiday,cloudy,13.393347,55.6667,25.083661,221,3402
720,2019-12-22,winter,1,12,not holiday,Sunday,weekend or holiday,clear,10.899153,44.125,27.292182,205,1544
721,2019-12-23,winter,1,12,not holiday,Monday,workingday,clear,10.079153,51.5417,8.916561,408,1379
722,2019-12-24,winter,1,12,not holiday,Tuesday,workingday,cloudy,9.483464,79.1304,5.1744368,174,746
723,2019-12-25,winter,1,12,holiday,Wednesday,weekend or holiday,cloudy,11.943464,73.4783,11.304642,440,573
724,2019-12-26,winter,1,12,not holiday,Thursday,workingday,stormy,9.976653,82.3333,21.208582,9,432
725,2019-12-27,winter,1,12,not holiday,Friday,workingday,cloudy,10.420847,65.2917,23.458911,247,1867
726,2019-12-28,winter,1,12,not holiday,Saturday,weekend or holiday,cloudy,10.386653,59.0,10.416557,644,2451
727,2019-12-29,winter,1,12,not holiday,Sunday,weekend or holiday,cloudy,10.386653,75.2917,8.333661,159,1182
728,2019-12-30,winter,1,12,not holiday,Monday,workingday,clear,10.489153,48.3333,23.500518,364,1432
729,2019-12-31,winter,1,12,not holiday,Tuesday,workingday,cloudy,8.849153,57.75,10.374682,439,2290
